gt_length,count,exact_count,exact_rate
5,1,0,0.0
6,1,0,0.0
7,8,5,0.625
8,57,24,0.42105263157894735
9,338,160,0.47337278106508873
10,1027,546,0.5316455696202531
11,9,0,0.0
12,1,0,0.0
13,1,0,0.0
