char_position_1based,total,correct,accuracy
1,1443,1338,0.9272349272349273
2,1443,1348,0.9341649341649342
3,1443,1389,0.9625779625779626
4,1443,1321,0.9154539154539154
5,1443,1284,0.8898128898128899
6,1442,1171,0.8120665742024965
7,1441,1273,0.8834142956280361
8,1433,1216,0.848569434752268
9,1376,1159,0.842296511627907
10,1038,892,0.859344894026975
11,11,7,0.6363636363636364
12,2,0,0.0
13,1,0,0.0
